name,url,pokedex_index
bulbasaur,https://pokeapi.co/api/v2/pokemon-species/1/,1
ivysaur,https://pokeapi.co/api/v2/pokemon-species/2/,2
venusaur,https://pokeapi.co/api/v2/pokemon-species/3/,3
charmander,https://pokeapi.co/api/v2/pokemon-species/4/,4
charmeleon,https://pokeapi.co/api/v2/pokemon-species/5/,5
charizard,https://pokeapi.co/api/v2/pokemon-species/6/,6
squirtle,https://pokeapi.co/api/v2/pokemon-species/7/,7
wartortle,https://pokeapi.co/api/v2/pokemon-species/8/,8
blastoise,https://pokeapi.co/api/v2/pokemon-species/9/,9
caterpie,https://pokeapi.co/api/v2/pokemon-species/10/,10
metapod,https://pokeapi.co/api/v2/pokemon-species/11/,11
butterfree,https://pokeapi.co/api/v2/pokemon-species/12/,12
weedle,https://pokeapi.co/api/v2/pokemon-species/13/,13
kakuna,https://pokeapi.co/api/v2/pokemon-species/14/,14
beedrill,https://pokeapi.co/api/v2/pokemon-species/15/,15
pidgey,https://pokeapi.co/api/v2/pokemon-species/16/,16
pidgeotto,https://pokeapi.co/api/v2/pokemon-species/17/,17
pidgeot,https://pokeapi.co/api/v2/pokemon-species/18/,18
rattata,https://pokeapi.co/api/v2/pokemon-species/19/,19
raticate,https://pokeapi.co/api/v2/pokemon-species/20/,20
spearow,https://pokeapi.co/api/v2/pokemon-species/21/,21
fearow,https://pokeapi.co/api/v2/pokemon-species/22/,22
ekans,https://pokeapi.co/api/v2/pokemon-species/23/,23
arbok,https://pokeapi.co/api/v2/pokemon-species/24/,24
pikachu,https://pokeapi.co/api/v2/pokemon-species/25/,25
raichu,https://pokeapi.co/api/v2/pokemon-species/26/,26
sandshrew,https://pokeapi.co/api/v2/pokemon-species/27/,27
sandslash,https://pokeapi.co/api/v2/pokemon-species/28/,28
nidoran-f,https://pokeapi.co/api/v2/pokemon-species/29/,29
nidorina,https://pokeapi.co/api/v2/pokemon-species/30/,30
nidoqueen,https://pokeapi.co/api/v2/pokemon-species/31/,31
nidoran-m,https://pokeapi.co/api/v2/pokemon-species/32/,32
nidorino,https://pokeapi.co/api/v2/pokemon-species/33/,33
nidoking,https://pokeapi.co/api/v2/pokemon-species/34/,34
clefairy,https://pokeapi.co/api/v2/pokemon-species/35/,35
clefable,https://pokeapi.co/api/v2/pokemon-species/36/,36
vulpix,https://pokeapi.co/api/v2/pokemon-species/37/,37
ninetales,https://pokeapi.co/api/v2/pokemon-species/38/,38
jigglypuff,https://pokeapi.co/api/v2/pokemon-species/39/,39
wigglytuff,https://pokeapi.co/api/v2/pokemon-species/40/,40
zubat,https://pokeapi.co/api/v2/pokemon-species/41/,41
golbat,https://pokeapi.co/api/v2/pokemon-species/42/,42
oddish,https://pokeapi.co/api/v2/pokemon-species/43/,43
gloom,https://pokeapi.co/api/v2/pokemon-species/44/,44
vileplume,https://pokeapi.co/api/v2/pokemon-species/45/,45
paras,https://pokeapi.co/api/v2/pokemon-species/46/,46
parasect,https://pokeapi.co/api/v2/pokemon-species/47/,47
venonat,https://pokeapi.co/api/v2/pokemon-species/48/,48
venomoth,https://pokeapi.co/api/v2/pokemon-species/49/,49
diglett,https://pokeapi.co/api/v2/pokemon-species/50/,50
dugtrio,https://pokeapi.co/api/v2/pokemon-species/51/,51
meowth,https://pokeapi.co/api/v2/pokemon-species/52/,52
persian,https://pokeapi.co/api/v2/pokemon-species/53/,53
psyduck,https://pokeapi.co/api/v2/pokemon-species/54/,54
golduck,https://pokeapi.co/api/v2/pokemon-species/55/,55
mankey,https://pokeapi.co/api/v2/pokemon-species/56/,56
primeape,https://pokeapi.co/api/v2/pokemon-species/57/,57
growlithe,https://pokeapi.co/api/v2/pokemon-species/58/,58
arcanine,https://pokeapi.co/api/v2/pokemon-species/59/,59
poliwag,https://pokeapi.co/api/v2/pokemon-species/60/,60
poliwhirl,https://pokeapi.co/api/v2/pokemon-species/61/,61
poliwrath,https://pokeapi.co/api/v2/pokemon-species/62/,62
abra,https://pokeapi.co/api/v2/pokemon-species/63/,63
kadabra,https://pokeapi.co/api/v2/pokemon-species/64/,64
alakazam,https://pokeapi.co/api/v2/pokemon-species/65/,65
machop,https://pokeapi.co/api/v2/pokemon-species/66/,66
machoke,https://pokeapi.co/api/v2/pokemon-species/67/,67
machamp,https://pokeapi.co/api/v2/pokemon-species/68/,68
bellsprout,https://pokeapi.co/api/v2/pokemon-species/69/,69
weepinbell,https://pokeapi.co/api/v2/pokemon-species/70/,70
victreebel,https://pokeapi.co/api/v2/pokemon-species/71/,71
tentacool,https://pokeapi.co/api/v2/pokemon-species/72/,72
tentacruel,https://pokeapi.co/api/v2/pokemon-species/73/,73
geodude,https://pokeapi.co/api/v2/pokemon-species/74/,74
graveler,https://pokeapi.co/api/v2/pokemon-species/75/,75
golem,https://pokeapi.co/api/v2/pokemon-species/76/,76
ponyta,https://pokeapi.co/api/v2/pokemon-species/77/,77
rapidash,https://pokeapi.co/api/v2/pokemon-species/78/,78
slowpoke,https://pokeapi.co/api/v2/pokemon-species/79/,79
slowbro,https://pokeapi.co/api/v2/pokemon-species/80/,80
magnemite,https://pokeapi.co/api/v2/pokemon-species/81/,81
magneton,https://pokeapi.co/api/v2/pokemon-species/82/,82
farfetchd,https://pokeapi.co/api/v2/pokemon-species/83/,83
doduo,https://pokeapi.co/api/v2/pokemon-species/84/,84
dodrio,https://pokeapi.co/api/v2/pokemon-species/85/,85
seel,https://pokeapi.co/api/v2/pokemon-species/86/,86
dewgong,https://pokeapi.co/api/v2/pokemon-species/87/,87
grimer,https://pokeapi.co/api/v2/pokemon-species/88/,88
muk,https://pokeapi.co/api/v2/pokemon-species/89/,89
shellder,https://pokeapi.co/api/v2/pokemon-species/90/,90
cloyster,https://pokeapi.co/api/v2/pokemon-species/91/,91
gastly,https://pokeapi.co/api/v2/pokemon-species/92/,92
haunter,https://pokeapi.co/api/v2/pokemon-species/93/,93
gengar,https://pokeapi.co/api/v2/pokemon-species/94/,94
onix,https://pokeapi.co/api/v2/pokemon-species/95/,95
drowzee,https://pokeapi.co/api/v2/pokemon-species/96/,96
hypno,https://pokeapi.co/api/v2/pokemon-species/97/,97
krabby,https://pokeapi.co/api/v2/pokemon-species/98/,98
kingler,https://pokeapi.co/api/v2/pokemon-species/99/,99
voltorb,https://pokeapi.co/api/v2/pokemon-species/100/,100
electrode,https://pokeapi.co/api/v2/pokemon-species/101/,101
exeggcute,https://pokeapi.co/api/v2/pokemon-species/102/,102
exeggutor,https://pokeapi.co/api/v2/pokemon-species/103/,103
cubone,https://pokeapi.co/api/v2/pokemon-species/104/,104
marowak,https://pokeapi.co/api/v2/pokemon-species/105/,105
hitmonlee,https://pokeapi.co/api/v2/pokemon-species/106/,106
hitmonchan,https://pokeapi.co/api/v2/pokemon-species/107/,107
lickitung,https://pokeapi.co/api/v2/pokemon-species/108/,108
koffing,https://pokeapi.co/api/v2/pokemon-species/109/,109
weezing,https://pokeapi.co/api/v2/pokemon-species/110/,110
rhyhorn,https://pokeapi.co/api/v2/pokemon-species/111/,111
rhydon,https://pokeapi.co/api/v2/pokemon-species/112/,112
chansey,https://pokeapi.co/api/v2/pokemon-species/113/,113
tangela,https://pokeapi.co/api/v2/pokemon-species/114/,114
kangaskhan,https://pokeapi.co/api/v2/pokemon-species/115/,115
horsea,https://pokeapi.co/api/v2/pokemon-species/116/,116
seadra,https://pokeapi.co/api/v2/pokemon-species/117/,117
goldeen,https://pokeapi.co/api/v2/pokemon-species/118/,118
seaking,https://pokeapi.co/api/v2/pokemon-species/119/,119
staryu,https://pokeapi.co/api/v2/pokemon-species/120/,120
starmie,https://pokeapi.co/api/v2/pokemon-species/121/,121
mr-mime,https://pokeapi.co/api/v2/pokemon-species/122/,122
scyther,https://pokeapi.co/api/v2/pokemon-species/123/,123
jynx,https://pokeapi.co/api/v2/pokemon-species/124/,124
electabuzz,https://pokeapi.co/api/v2/pokemon-species/125/,125
magmar,https://pokeapi.co/api/v2/pokemon-species/126/,126
pinsir,https://pokeapi.co/api/v2/pokemon-species/127/,127
tauros,https://pokeapi.co/api/v2/pokemon-species/128/,128
magikarp,https://pokeapi.co/api/v2/pokemon-species/129/,129
gyarados,https://pokeapi.co/api/v2/pokemon-species/130/,130
lapras,https://pokeapi.co/api/v2/pokemon-species/131/,131
ditto,https://pokeapi.co/api/v2/pokemon-species/132/,132
eevee,https://pokeapi.co/api/v2/pokemon-species/133/,133
vaporeon,https://pokeapi.co/api/v2/pokemon-species/134/,134
jolteon,https://pokeapi.co/api/v2/pokemon-species/135/,135
flareon,https://pokeapi.co/api/v2/pokemon-species/136/,136
porygon,https://pokeapi.co/api/v2/pokemon-species/137/,137
omanyte,https://pokeapi.co/api/v2/pokemon-species/138/,138
omastar,https://pokeapi.co/api/v2/pokemon-species/139/,139
kabuto,https://pokeapi.co/api/v2/pokemon-species/140/,140
kabutops,https://pokeapi.co/api/v2/pokemon-species/141/,141
aerodactyl,https://pokeapi.co/api/v2/pokemon-species/142/,142
snorlax,https://pokeapi.co/api/v2/pokemon-species/143/,143
articuno,https://pokeapi.co/api/v2/pokemon-species/144/,144
zapdos,https://pokeapi.co/api/v2/pokemon-species/145/,145
moltres,https://pokeapi.co/api/v2/pokemon-species/146/,146
dratini,https://pokeapi.co/api/v2/pokemon-species/147/,147
dragonair,https://pokeapi.co/api/v2/pokemon-species/148/,148
dragonite,https://pokeapi.co/api/v2/pokemon-species/149/,149
mewtwo,https://pokeapi.co/api/v2/pokemon-species/150/,150
mew,https://pokeapi.co/api/v2/pokemon-species/151/,151
chikorita,https://pokeapi.co/api/v2/pokemon-species/152/,152
bayleef,https://pokeapi.co/api/v2/pokemon-species/153/,153
meganium,https://pokeapi.co/api/v2/pokemon-species/154/,154
cyndaquil,https://pokeapi.co/api/v2/pokemon-species/155/,155
quilava,https://pokeapi.co/api/v2/pokemon-species/156/,156
typhlosion,https://pokeapi.co/api/v2/pokemon-species/157/,157
totodile,https://pokeapi.co/api/v2/pokemon-species/158/,158
croconaw,https://pokeapi.co/api/v2/pokemon-species/159/,159
feraligatr,https://pokeapi.co/api/v2/pokemon-species/160/,160
sentret,https://pokeapi.co/api/v2/pokemon-species/161/,161
furret,https://pokeapi.co/api/v2/pokemon-species/162/,162
hoothoot,https://pokeapi.co/api/v2/pokemon-species/163/,163
noctowl,https://pokeapi.co/api/v2/pokemon-species/164/,164
ledyba,https://pokeapi.co/api/v2/pokemon-species/165/,165
ledian,https://pokeapi.co/api/v2/pokemon-species/166/,166
spinarak,https://pokeapi.co/api/v2/pokemon-species/167/,167
ariados,https://pokeapi.co/api/v2/pokemon-species/168/,168
crobat,https://pokeapi.co/api/v2/pokemon-species/169/,169
chinchou,https://pokeapi.co/api/v2/pokemon-species/170/,170
lanturn,https://pokeapi.co/api/v2/pokemon-species/171/,171
pichu,https://pokeapi.co/api/v2/pokemon-species/172/,172
cleffa,https://pokeapi.co/api/v2/pokemon-species/173/,173
igglybuff,https://pokeapi.co/api/v2/pokemon-species/174/,174
togepi,https://pokeapi.co/api/v2/pokemon-species/175/,175
togetic,https://pokeapi.co/api/v2/pokemon-species/176/,176
natu,https://pokeapi.co/api/v2/pokemon-species/177/,177
xatu,https://pokeapi.co/api/v2/pokemon-species/178/,178
mareep,https://pokeapi.co/api/v2/pokemon-species/179/,179
flaaffy,https://pokeapi.co/api/v2/pokemon-species/180/,180
ampharos,https://pokeapi.co/api/v2/pokemon-species/181/,181
bellossom,https://pokeapi.co/api/v2/pokemon-species/182/,182
marill,https://pokeapi.co/api/v2/pokemon-species/183/,183
azumarill,https://pokeapi.co/api/v2/pokemon-species/184/,184
sudowoodo,https://pokeapi.co/api/v2/pokemon-species/185/,185
politoed,https://pokeapi.co/api/v2/pokemon-species/186/,186
hoppip,https://pokeapi.co/api/v2/pokemon-species/187/,187
skiploom,https://pokeapi.co/api/v2/pokemon-species/188/,188
jumpluff,https://pokeapi.co/api/v2/pokemon-species/189/,189
aipom,https://pokeapi.co/api/v2/pokemon-species/190/,190
sunkern,https://pokeapi.co/api/v2/pokemon-species/191/,191
sunflora,https://pokeapi.co/api/v2/pokemon-species/192/,192
yanma,https://pokeapi.co/api/v2/pokemon-species/193/,193
wooper,https://pokeapi.co/api/v2/pokemon-species/194/,194
quagsire,https://pokeapi.co/api/v2/pokemon-species/195/,195
espeon,https://pokeapi.co/api/v2/pokemon-species/196/,196
umbreon,https://pokeapi.co/api/v2/pokemon-species/197/,197
murkrow,https://pokeapi.co/api/v2/pokemon-species/198/,198
slowking,https://pokeapi.co/api/v2/pokemon-species/199/,199
misdreavus,https://pokeapi.co/api/v2/pokemon-species/200/,200
unown,https://pokeapi.co/api/v2/pokemon-species/201/,201
wobbuffet,https://pokeapi.co/api/v2/pokemon-species/202/,202
girafarig,https://pokeapi.co/api/v2/pokemon-species/203/,203
pineco,https://pokeapi.co/api/v2/pokemon-species/204/,204
forretress,https://pokeapi.co/api/v2/pokemon-species/205/,205
dunsparce,https://pokeapi.co/api/v2/pokemon-species/206/,206
gligar,https://pokeapi.co/api/v2/pokemon-species/207/,207
steelix,https://pokeapi.co/api/v2/pokemon-species/208/,208
snubbull,https://pokeapi.co/api/v2/pokemon-species/209/,209
granbull,https://pokeapi.co/api/v2/pokemon-species/210/,210
qwilfish,https://pokeapi.co/api/v2/pokemon-species/211/,211
scizor,https://pokeapi.co/api/v2/pokemon-species/212/,212
shuckle,https://pokeapi.co/api/v2/pokemon-species/213/,213
heracross,https://pokeapi.co/api/v2/pokemon-species/214/,214
sneasel,https://pokeapi.co/api/v2/pokemon-species/215/,215
teddiursa,https://pokeapi.co/api/v2/pokemon-species/216/,216
ursaring,https://pokeapi.co/api/v2/pokemon-species/217/,217
slugma,https://pokeapi.co/api/v2/pokemon-species/218/,218
magcargo,https://pokeapi.co/api/v2/pokemon-species/219/,219
swinub,https://pokeapi.co/api/v2/pokemon-species/220/,220
piloswine,https://pokeapi.co/api/v2/pokemon-species/221/,221
corsola,https://pokeapi.co/api/v2/pokemon-species/222/,222
remoraid,https://pokeapi.co/api/v2/pokemon-species/223/,223
octillery,https://pokeapi.co/api/v2/pokemon-species/224/,224
delibird,https://pokeapi.co/api/v2/pokemon-species/225/,225
mantine,https://pokeapi.co/api/v2/pokemon-species/226/,226
skarmory,https://pokeapi.co/api/v2/pokemon-species/227/,227
houndour,https://pokeapi.co/api/v2/pokemon-species/228/,228
houndoom,https://pokeapi.co/api/v2/pokemon-species/229/,229
kingdra,https://pokeapi.co/api/v2/pokemon-species/230/,230
phanpy,https://pokeapi.co/api/v2/pokemon-species/231/,231
donphan,https://pokeapi.co/api/v2/pokemon-species/232/,232
porygon2,https://pokeapi.co/api/v2/pokemon-species/233/,233
stantler,https://pokeapi.co/api/v2/pokemon-species/234/,234
smeargle,https://pokeapi.co/api/v2/pokemon-species/235/,235
tyrogue,https://pokeapi.co/api/v2/pokemon-species/236/,236
hitmontop,https://pokeapi.co/api/v2/pokemon-species/237/,237
smoochum,https://pokeapi.co/api/v2/pokemon-species/238/,238
elekid,https://pokeapi.co/api/v2/pokemon-species/239/,239
magby,https://pokeapi.co/api/v2/pokemon-species/240/,240
miltank,https://pokeapi.co/api/v2/pokemon-species/241/,241
blissey,https://pokeapi.co/api/v2/pokemon-species/242/,242
raikou,https://pokeapi.co/api/v2/pokemon-species/243/,243
entei,https://pokeapi.co/api/v2/pokemon-species/244/,244
suicune,https://pokeapi.co/api/v2/pokemon-species/245/,245
larvitar,https://pokeapi.co/api/v2/pokemon-species/246/,246
pupitar,https://pokeapi.co/api/v2/pokemon-species/247/,247
tyranitar,https://pokeapi.co/api/v2/pokemon-species/248/,248
lugia,https://pokeapi.co/api/v2/pokemon-species/249/,249
ho-oh,https://pokeapi.co/api/v2/pokemon-species/250/,250
celebi,https://pokeapi.co/api/v2/pokemon-species/251/,251
treecko,https://pokeapi.co/api/v2/pokemon-species/252/,252
grovyle,https://pokeapi.co/api/v2/pokemon-species/253/,253
sceptile,https://pokeapi.co/api/v2/pokemon-species/254/,254
torchic,https://pokeapi.co/api/v2/pokemon-species/255/,255
combusken,https://pokeapi.co/api/v2/pokemon-species/256/,256
blaziken,https://pokeapi.co/api/v2/pokemon-species/257/,257
mudkip,https://pokeapi.co/api/v2/pokemon-species/258/,258
marshtomp,https://pokeapi.co/api/v2/pokemon-species/259/,259
swampert,https://pokeapi.co/api/v2/pokemon-species/260/,260
poochyena,https://pokeapi.co/api/v2/pokemon-species/261/,261
mightyena,https://pokeapi.co/api/v2/pokemon-species/262/,262
zigzagoon,https://pokeapi.co/api/v2/pokemon-species/263/,263
linoone,https://pokeapi.co/api/v2/pokemon-species/264/,264
wurmple,https://pokeapi.co/api/v2/pokemon-species/265/,265
silcoon,https://pokeapi.co/api/v2/pokemon-species/266/,266
beautifly,https://pokeapi.co/api/v2/pokemon-species/267/,267
cascoon,https://pokeapi.co/api/v2/pokemon-species/268/,268
dustox,https://pokeapi.co/api/v2/pokemon-species/269/,269
lotad,https://pokeapi.co/api/v2/pokemon-species/270/,270
lombre,https://pokeapi.co/api/v2/pokemon-species/271/,271
ludicolo,https://pokeapi.co/api/v2/pokemon-species/272/,272
seedot,https://pokeapi.co/api/v2/pokemon-species/273/,273
nuzleaf,https://pokeapi.co/api/v2/pokemon-species/274/,274
shiftry,https://pokeapi.co/api/v2/pokemon-species/275/,275
taillow,https://pokeapi.co/api/v2/pokemon-species/276/,276
swellow,https://pokeapi.co/api/v2/pokemon-species/277/,277
wingull,https://pokeapi.co/api/v2/pokemon-species/278/,278
pelipper,https://pokeapi.co/api/v2/pokemon-species/279/,279
ralts,https://pokeapi.co/api/v2/pokemon-species/280/,280
kirlia,https://pokeapi.co/api/v2/pokemon-species/281/,281
gardevoir,https://pokeapi.co/api/v2/pokemon-species/282/,282
surskit,https://pokeapi.co/api/v2/pokemon-species/283/,283
masquerain,https://pokeapi.co/api/v2/pokemon-species/284/,284
shroomish,https://pokeapi.co/api/v2/pokemon-species/285/,285
breloom,https://pokeapi.co/api/v2/pokemon-species/286/,286
slakoth,https://pokeapi.co/api/v2/pokemon-species/287/,287
vigoroth,https://pokeapi.co/api/v2/pokemon-species/288/,288
slaking,https://pokeapi.co/api/v2/pokemon-species/289/,289
nincada,https://pokeapi.co/api/v2/pokemon-species/290/,290
ninjask,https://pokeapi.co/api/v2/pokemon-species/291/,291
shedinja,https://pokeapi.co/api/v2/pokemon-species/292/,292
whismur,https://pokeapi.co/api/v2/pokemon-species/293/,293
loudred,https://pokeapi.co/api/v2/pokemon-species/294/,294
exploud,https://pokeapi.co/api/v2/pokemon-species/295/,295
makuhita,https://pokeapi.co/api/v2/pokemon-species/296/,296
hariyama,https://pokeapi.co/api/v2/pokemon-species/297/,297
azurill,https://pokeapi.co/api/v2/pokemon-species/298/,298
nosepass,https://pokeapi.co/api/v2/pokemon-species/299/,299
skitty,https://pokeapi.co/api/v2/pokemon-species/300/,300
delcatty,https://pokeapi.co/api/v2/pokemon-species/301/,301
sableye,https://pokeapi.co/api/v2/pokemon-species/302/,302
mawile,https://pokeapi.co/api/v2/pokemon-species/303/,303
aron,https://pokeapi.co/api/v2/pokemon-species/304/,304
lairon,https://pokeapi.co/api/v2/pokemon-species/305/,305
aggron,https://pokeapi.co/api/v2/pokemon-species/306/,306
meditite,https://pokeapi.co/api/v2/pokemon-species/307/,307
medicham,https://pokeapi.co/api/v2/pokemon-species/308/,308
electrike,https://pokeapi.co/api/v2/pokemon-species/309/,309
manectric,https://pokeapi.co/api/v2/pokemon-species/310/,310
plusle,https://pokeapi.co/api/v2/pokemon-species/311/,311
minun,https://pokeapi.co/api/v2/pokemon-species/312/,312
volbeat,https://pokeapi.co/api/v2/pokemon-species/313/,313
illumise,https://pokeapi.co/api/v2/pokemon-species/314/,314
roselia,https://pokeapi.co/api/v2/pokemon-species/315/,315
gulpin,https://pokeapi.co/api/v2/pokemon-species/316/,316
swalot,https://pokeapi.co/api/v2/pokemon-species/317/,317
carvanha,https://pokeapi.co/api/v2/pokemon-species/318/,318
sharpedo,https://pokeapi.co/api/v2/pokemon-species/319/,319
wailmer,https://pokeapi.co/api/v2/pokemon-species/320/,320
wailord,https://pokeapi.co/api/v2/pokemon-species/321/,321
numel,https://pokeapi.co/api/v2/pokemon-species/322/,322
camerupt,https://pokeapi.co/api/v2/pokemon-species/323/,323
torkoal,https://pokeapi.co/api/v2/pokemon-species/324/,324
spoink,https://pokeapi.co/api/v2/pokemon-species/325/,325
grumpig,https://pokeapi.co/api/v2/pokemon-species/326/,326
spinda,https://pokeapi.co/api/v2/pokemon-species/327/,327
trapinch,https://pokeapi.co/api/v2/pokemon-species/328/,328
vibrava,https://pokeapi.co/api/v2/pokemon-species/329/,329
flygon,https://pokeapi.co/api/v2/pokemon-species/330/,330
cacnea,https://pokeapi.co/api/v2/pokemon-species/331/,331
cacturne,https://pokeapi.co/api/v2/pokemon-species/332/,332
swablu,https://pokeapi.co/api/v2/pokemon-species/333/,333
altaria,https://pokeapi.co/api/v2/pokemon-species/334/,334
zangoose,https://pokeapi.co/api/v2/pokemon-species/335/,335
seviper,https://pokeapi.co/api/v2/pokemon-species/336/,336
lunatone,https://pokeapi.co/api/v2/pokemon-species/337/,337
solrock,https://pokeapi.co/api/v2/pokemon-species/338/,338
barboach,https://pokeapi.co/api/v2/pokemon-species/339/,339
whiscash,https://pokeapi.co/api/v2/pokemon-species/340/,340
corphish,https://pokeapi.co/api/v2/pokemon-species/341/,341
crawdaunt,https://pokeapi.co/api/v2/pokemon-species/342/,342
baltoy,https://pokeapi.co/api/v2/pokemon-species/343/,343
claydol,https://pokeapi.co/api/v2/pokemon-species/344/,344
lileep,https://pokeapi.co/api/v2/pokemon-species/345/,345
cradily,https://pokeapi.co/api/v2/pokemon-species/346/,346
anorith,https://pokeapi.co/api/v2/pokemon-species/347/,347
armaldo,https://pokeapi.co/api/v2/pokemon-species/348/,348
feebas,https://pokeapi.co/api/v2/pokemon-species/349/,349
milotic,https://pokeapi.co/api/v2/pokemon-species/350/,350
castform,https://pokeapi.co/api/v2/pokemon-species/351/,351
kecleon,https://pokeapi.co/api/v2/pokemon-species/352/,352
shuppet,https://pokeapi.co/api/v2/pokemon-species/353/,353
banette,https://pokeapi.co/api/v2/pokemon-species/354/,354
duskull,https://pokeapi.co/api/v2/pokemon-species/355/,355
dusclops,https://pokeapi.co/api/v2/pokemon-species/356/,356
tropius,https://pokeapi.co/api/v2/pokemon-species/357/,357
chimecho,https://pokeapi.co/api/v2/pokemon-species/358/,358
absol,https://pokeapi.co/api/v2/pokemon-species/359/,359
wynaut,https://pokeapi.co/api/v2/pokemon-species/360/,360
snorunt,https://pokeapi.co/api/v2/pokemon-species/361/,361
glalie,https://pokeapi.co/api/v2/pokemon-species/362/,362
spheal,https://pokeapi.co/api/v2/pokemon-species/363/,363
sealeo,https://pokeapi.co/api/v2/pokemon-species/364/,364
walrein,https://pokeapi.co/api/v2/pokemon-species/365/,365
clamperl,https://pokeapi.co/api/v2/pokemon-species/366/,366
huntail,https://pokeapi.co/api/v2/pokemon-species/367/,367
gorebyss,https://pokeapi.co/api/v2/pokemon-species/368/,368
relicanth,https://pokeapi.co/api/v2/pokemon-species/369/,369
luvdisc,https://pokeapi.co/api/v2/pokemon-species/370/,370
bagon,https://pokeapi.co/api/v2/pokemon-species/371/,371
shelgon,https://pokeapi.co/api/v2/pokemon-species/372/,372
salamence,https://pokeapi.co/api/v2/pokemon-species/373/,373
beldum,https://pokeapi.co/api/v2/pokemon-species/374/,374
metang,https://pokeapi.co/api/v2/pokemon-species/375/,375
metagross,https://pokeapi.co/api/v2/pokemon-species/376/,376
regirock,https://pokeapi.co/api/v2/pokemon-species/377/,377
regice,https://pokeapi.co/api/v2/pokemon-species/378/,378
registeel,https://pokeapi.co/api/v2/pokemon-species/379/,379
latias,https://pokeapi.co/api/v2/pokemon-species/380/,380
latios,https://pokeapi.co/api/v2/pokemon-species/381/,381
kyogre,https://pokeapi.co/api/v2/pokemon-species/382/,382
groudon,https://pokeapi.co/api/v2/pokemon-species/383/,383
rayquaza,https://pokeapi.co/api/v2/pokemon-species/384/,384
jirachi,https://pokeapi.co/api/v2/pokemon-species/385/,385
deoxys,https://pokeapi.co/api/v2/pokemon-species/386/,386
turtwig,https://pokeapi.co/api/v2/pokemon-species/387/,387
grotle,https://pokeapi.co/api/v2/pokemon-species/388/,388
torterra,https://pokeapi.co/api/v2/pokemon-species/389/,389
chimchar,https://pokeapi.co/api/v2/pokemon-species/390/,390
monferno,https://pokeapi.co/api/v2/pokemon-species/391/,391
infernape,https://pokeapi.co/api/v2/pokemon-species/392/,392
piplup,https://pokeapi.co/api/v2/pokemon-species/393/,393
prinplup,https://pokeapi.co/api/v2/pokemon-species/394/,394
empoleon,https://pokeapi.co/api/v2/pokemon-species/395/,395
starly,https://pokeapi.co/api/v2/pokemon-species/396/,396
staravia,https://pokeapi.co/api/v2/pokemon-species/397/,397
staraptor,https://pokeapi.co/api/v2/pokemon-species/398/,398
bidoof,https://pokeapi.co/api/v2/pokemon-species/399/,399
bibarel,https://pokeapi.co/api/v2/pokemon-species/400/,400
kricketot,https://pokeapi.co/api/v2/pokemon-species/401/,401
kricketune,https://pokeapi.co/api/v2/pokemon-species/402/,402
shinx,https://pokeapi.co/api/v2/pokemon-species/403/,403
luxio,https://pokeapi.co/api/v2/pokemon-species/404/,404
luxray,https://pokeapi.co/api/v2/pokemon-species/405/,405
budew,https://pokeapi.co/api/v2/pokemon-species/406/,406
roserade,https://pokeapi.co/api/v2/pokemon-species/407/,407
cranidos,https://pokeapi.co/api/v2/pokemon-species/408/,408
rampardos,https://pokeapi.co/api/v2/pokemon-species/409/,409
shieldon,https://pokeapi.co/api/v2/pokemon-species/410/,410
bastiodon,https://pokeapi.co/api/v2/pokemon-species/411/,411
burmy,https://pokeapi.co/api/v2/pokemon-species/412/,412
wormadam,https://pokeapi.co/api/v2/pokemon-species/413/,413
mothim,https://pokeapi.co/api/v2/pokemon-species/414/,414
combee,https://pokeapi.co/api/v2/pokemon-species/415/,415
vespiquen,https://pokeapi.co/api/v2/pokemon-species/416/,416
pachirisu,https://pokeapi.co/api/v2/pokemon-species/417/,417
buizel,https://pokeapi.co/api/v2/pokemon-species/418/,418
floatzel,https://pokeapi.co/api/v2/pokemon-species/419/,419
cherubi,https://pokeapi.co/api/v2/pokemon-species/420/,420
cherrim,https://pokeapi.co/api/v2/pokemon-species/421/,421
shellos,https://pokeapi.co/api/v2/pokemon-species/422/,422
gastrodon,https://pokeapi.co/api/v2/pokemon-species/423/,423
ambipom,https://pokeapi.co/api/v2/pokemon-species/424/,424
drifloon,https://pokeapi.co/api/v2/pokemon-species/425/,425
drifblim,https://pokeapi.co/api/v2/pokemon-species/426/,426
buneary,https://pokeapi.co/api/v2/pokemon-species/427/,427
lopunny,https://pokeapi.co/api/v2/pokemon-species/428/,428
mismagius,https://pokeapi.co/api/v2/pokemon-species/429/,429
honchkrow,https://pokeapi.co/api/v2/pokemon-species/430/,430
glameow,https://pokeapi.co/api/v2/pokemon-species/431/,431
purugly,https://pokeapi.co/api/v2/pokemon-species/432/,432
chingling,https://pokeapi.co/api/v2/pokemon-species/433/,433
stunky,https://pokeapi.co/api/v2/pokemon-species/434/,434
skuntank,https://pokeapi.co/api/v2/pokemon-species/435/,435
bronzor,https://pokeapi.co/api/v2/pokemon-species/436/,436
bronzong,https://pokeapi.co/api/v2/pokemon-species/437/,437
bonsly,https://pokeapi.co/api/v2/pokemon-species/438/,438
mime-jr,https://pokeapi.co/api/v2/pokemon-species/439/,439
happiny,https://pokeapi.co/api/v2/pokemon-species/440/,440
chatot,https://pokeapi.co/api/v2/pokemon-species/441/,441
spiritomb,https://pokeapi.co/api/v2/pokemon-species/442/,442
gible,https://pokeapi.co/api/v2/pokemon-species/443/,443
gabite,https://pokeapi.co/api/v2/pokemon-species/444/,444
garchomp,https://pokeapi.co/api/v2/pokemon-species/445/,445
munchlax,https://pokeapi.co/api/v2/pokemon-species/446/,446
riolu,https://pokeapi.co/api/v2/pokemon-species/447/,447
lucario,https://pokeapi.co/api/v2/pokemon-species/448/,448
hippopotas,https://pokeapi.co/api/v2/pokemon-species/449/,449
hippowdon,https://pokeapi.co/api/v2/pokemon-species/450/,450
skorupi,https://pokeapi.co/api/v2/pokemon-species/451/,451
drapion,https://pokeapi.co/api/v2/pokemon-species/452/,452
croagunk,https://pokeapi.co/api/v2/pokemon-species/453/,453
toxicroak,https://pokeapi.co/api/v2/pokemon-species/454/,454
carnivine,https://pokeapi.co/api/v2/pokemon-species/455/,455
finneon,https://pokeapi.co/api/v2/pokemon-species/456/,456
lumineon,https://pokeapi.co/api/v2/pokemon-species/457/,457
mantyke,https://pokeapi.co/api/v2/pokemon-species/458/,458
snover,https://pokeapi.co/api/v2/pokemon-species/459/,459
abomasnow,https://pokeapi.co/api/v2/pokemon-species/460/,460
weavile,https://pokeapi.co/api/v2/pokemon-species/461/,461
magnezone,https://pokeapi.co/api/v2/pokemon-species/462/,462
lickilicky,https://pokeapi.co/api/v2/pokemon-species/463/,463
rhyperior,https://pokeapi.co/api/v2/pokemon-species/464/,464
tangrowth,https://pokeapi.co/api/v2/pokemon-species/465/,465
electivire,https://pokeapi.co/api/v2/pokemon-species/466/,466
magmortar,https://pokeapi.co/api/v2/pokemon-species/467/,467
togekiss,https://pokeapi.co/api/v2/pokemon-species/468/,468
yanmega,https://pokeapi.co/api/v2/pokemon-species/469/,469
leafeon,https://pokeapi.co/api/v2/pokemon-species/470/,470
glaceon,https://pokeapi.co/api/v2/pokemon-species/471/,471
gliscor,https://pokeapi.co/api/v2/pokemon-species/472/,472
mamoswine,https://pokeapi.co/api/v2/pokemon-species/473/,473
porygon-z,https://pokeapi.co/api/v2/pokemon-species/474/,474
gallade,https://pokeapi.co/api/v2/pokemon-species/475/,475
probopass,https://pokeapi.co/api/v2/pokemon-species/476/,476
dusknoir,https://pokeapi.co/api/v2/pokemon-species/477/,477
froslass,https://pokeapi.co/api/v2/pokemon-species/478/,478
rotom,https://pokeapi.co/api/v2/pokemon-species/479/,479
uxie,https://pokeapi.co/api/v2/pokemon-species/480/,480
mesprit,https://pokeapi.co/api/v2/pokemon-species/481/,481
azelf,https://pokeapi.co/api/v2/pokemon-species/482/,482
dialga,https://pokeapi.co/api/v2/pokemon-species/483/,483
palkia,https://pokeapi.co/api/v2/pokemon-species/484/,484
heatran,https://pokeapi.co/api/v2/pokemon-species/485/,485
regigigas,https://pokeapi.co/api/v2/pokemon-species/486/,486
giratina,https://pokeapi.co/api/v2/pokemon-species/487/,487
cresselia,https://pokeapi.co/api/v2/pokemon-species/488/,488
phione,https://pokeapi.co/api/v2/pokemon-species/489/,489
manaphy,https://pokeapi.co/api/v2/pokemon-species/490/,490
darkrai,https://pokeapi.co/api/v2/pokemon-species/491/,491
shaymin,https://pokeapi.co/api/v2/pokemon-species/492/,492
arceus,https://pokeapi.co/api/v2/pokemon-species/493/,493
victini,https://pokeapi.co/api/v2/pokemon-species/494/,494
snivy,https://pokeapi.co/api/v2/pokemon-species/495/,495
servine,https://pokeapi.co/api/v2/pokemon-species/496/,496
serperior,https://pokeapi.co/api/v2/pokemon-species/497/,497
tepig,https://pokeapi.co/api/v2/pokemon-species/498/,498
pignite,https://pokeapi.co/api/v2/pokemon-species/499/,499
emboar,https://pokeapi.co/api/v2/pokemon-species/500/,500
oshawott,https://pokeapi.co/api/v2/pokemon-species/501/,501
dewott,https://pokeapi.co/api/v2/pokemon-species/502/,502
samurott,https://pokeapi.co/api/v2/pokemon-species/503/,503
patrat,https://pokeapi.co/api/v2/pokemon-species/504/,504
watchog,https://pokeapi.co/api/v2/pokemon-species/505/,505
lillipup,https://pokeapi.co/api/v2/pokemon-species/506/,506
herdier,https://pokeapi.co/api/v2/pokemon-species/507/,507
stoutland,https://pokeapi.co/api/v2/pokemon-species/508/,508
purrloin,https://pokeapi.co/api/v2/pokemon-species/509/,509
liepard,https://pokeapi.co/api/v2/pokemon-species/510/,510
pansage,https://pokeapi.co/api/v2/pokemon-species/511/,511
simisage,https://pokeapi.co/api/v2/pokemon-species/512/,512
pansear,https://pokeapi.co/api/v2/pokemon-species/513/,513
simisear,https://pokeapi.co/api/v2/pokemon-species/514/,514
panpour,https://pokeapi.co/api/v2/pokemon-species/515/,515
simipour,https://pokeapi.co/api/v2/pokemon-species/516/,516
munna,https://pokeapi.co/api/v2/pokemon-species/517/,517
musharna,https://pokeapi.co/api/v2/pokemon-species/518/,518
pidove,https://pokeapi.co/api/v2/pokemon-species/519/,519
tranquill,https://pokeapi.co/api/v2/pokemon-species/520/,520
unfezant,https://pokeapi.co/api/v2/pokemon-species/521/,521
blitzle,https://pokeapi.co/api/v2/pokemon-species/522/,522
zebstrika,https://pokeapi.co/api/v2/pokemon-species/523/,523
roggenrola,https://pokeapi.co/api/v2/pokemon-species/524/,524
boldore,https://pokeapi.co/api/v2/pokemon-species/525/,525
gigalith,https://pokeapi.co/api/v2/pokemon-species/526/,526
woobat,https://pokeapi.co/api/v2/pokemon-species/527/,527
swoobat,https://pokeapi.co/api/v2/pokemon-species/528/,528
drilbur,https://pokeapi.co/api/v2/pokemon-species/529/,529
excadrill,https://pokeapi.co/api/v2/pokemon-species/530/,530
audino,https://pokeapi.co/api/v2/pokemon-species/531/,531
timburr,https://pokeapi.co/api/v2/pokemon-species/532/,532
gurdurr,https://pokeapi.co/api/v2/pokemon-species/533/,533
conkeldurr,https://pokeapi.co/api/v2/pokemon-species/534/,534
tympole,https://pokeapi.co/api/v2/pokemon-species/535/,535
palpitoad,https://pokeapi.co/api/v2/pokemon-species/536/,536
seismitoad,https://pokeapi.co/api/v2/pokemon-species/537/,537
throh,https://pokeapi.co/api/v2/pokemon-species/538/,538
sawk,https://pokeapi.co/api/v2/pokemon-species/539/,539
sewaddle,https://pokeapi.co/api/v2/pokemon-species/540/,540
swadloon,https://pokeapi.co/api/v2/pokemon-species/541/,541
leavanny,https://pokeapi.co/api/v2/pokemon-species/542/,542
venipede,https://pokeapi.co/api/v2/pokemon-species/543/,543
whirlipede,https://pokeapi.co/api/v2/pokemon-species/544/,544
scolipede,https://pokeapi.co/api/v2/pokemon-species/545/,545
cottonee,https://pokeapi.co/api/v2/pokemon-species/546/,546
whimsicott,https://pokeapi.co/api/v2/pokemon-species/547/,547
petilil,https://pokeapi.co/api/v2/pokemon-species/548/,548
lilligant,https://pokeapi.co/api/v2/pokemon-species/549/,549
basculin,https://pokeapi.co/api/v2/pokemon-species/550/,550
sandile,https://pokeapi.co/api/v2/pokemon-species/551/,551
krokorok,https://pokeapi.co/api/v2/pokemon-species/552/,552
krookodile,https://pokeapi.co/api/v2/pokemon-species/553/,553
darumaka,https://pokeapi.co/api/v2/pokemon-species/554/,554
darmanitan,https://pokeapi.co/api/v2/pokemon-species/555/,555
maractus,https://pokeapi.co/api/v2/pokemon-species/556/,556
dwebble,https://pokeapi.co/api/v2/pokemon-species/557/,557
crustle,https://pokeapi.co/api/v2/pokemon-species/558/,558
scraggy,https://pokeapi.co/api/v2/pokemon-species/559/,559
scrafty,https://pokeapi.co/api/v2/pokemon-species/560/,560
sigilyph,https://pokeapi.co/api/v2/pokemon-species/561/,561
yamask,https://pokeapi.co/api/v2/pokemon-species/562/,562
cofagrigus,https://pokeapi.co/api/v2/pokemon-species/563/,563
tirtouga,https://pokeapi.co/api/v2/pokemon-species/564/,564
carracosta,https://pokeapi.co/api/v2/pokemon-species/565/,565
archen,https://pokeapi.co/api/v2/pokemon-species/566/,566
archeops,https://pokeapi.co/api/v2/pokemon-species/567/,567
trubbish,https://pokeapi.co/api/v2/pokemon-species/568/,568
garbodor,https://pokeapi.co/api/v2/pokemon-species/569/,569
zorua,https://pokeapi.co/api/v2/pokemon-species/570/,570
zoroark,https://pokeapi.co/api/v2/pokemon-species/571/,571
minccino,https://pokeapi.co/api/v2/pokemon-species/572/,572
cinccino,https://pokeapi.co/api/v2/pokemon-species/573/,573
gothita,https://pokeapi.co/api/v2/pokemon-species/574/,574
gothorita,https://pokeapi.co/api/v2/pokemon-species/575/,575
gothitelle,https://pokeapi.co/api/v2/pokemon-species/576/,576
solosis,https://pokeapi.co/api/v2/pokemon-species/577/,577
duosion,https://pokeapi.co/api/v2/pokemon-species/578/,578
reuniclus,https://pokeapi.co/api/v2/pokemon-species/579/,579
ducklett,https://pokeapi.co/api/v2/pokemon-species/580/,580
swanna,https://pokeapi.co/api/v2/pokemon-species/581/,581
vanillite,https://pokeapi.co/api/v2/pokemon-species/582/,582
vanillish,https://pokeapi.co/api/v2/pokemon-species/583/,583
vanilluxe,https://pokeapi.co/api/v2/pokemon-species/584/,584
deerling,https://pokeapi.co/api/v2/pokemon-species/585/,585
sawsbuck,https://pokeapi.co/api/v2/pokemon-species/586/,586
emolga,https://pokeapi.co/api/v2/pokemon-species/587/,587
karrablast,https://pokeapi.co/api/v2/pokemon-species/588/,588
escavalier,https://pokeapi.co/api/v2/pokemon-species/589/,589
foongus,https://pokeapi.co/api/v2/pokemon-species/590/,590
amoonguss,https://pokeapi.co/api/v2/pokemon-species/591/,591
frillish,https://pokeapi.co/api/v2/pokemon-species/592/,592
jellicent,https://pokeapi.co/api/v2/pokemon-species/593/,593
alomomola,https://pokeapi.co/api/v2/pokemon-species/594/,594
joltik,https://pokeapi.co/api/v2/pokemon-species/595/,595
galvantula,https://pokeapi.co/api/v2/pokemon-species/596/,596
ferroseed,https://pokeapi.co/api/v2/pokemon-species/597/,597
ferrothorn,https://pokeapi.co/api/v2/pokemon-species/598/,598
klink,https://pokeapi.co/api/v2/pokemon-species/599/,599
klang,https://pokeapi.co/api/v2/pokemon-species/600/,600
klinklang,https://pokeapi.co/api/v2/pokemon-species/601/,601
tynamo,https://pokeapi.co/api/v2/pokemon-species/602/,602
eelektrik,https://pokeapi.co/api/v2/pokemon-species/603/,603
eelektross,https://pokeapi.co/api/v2/pokemon-species/604/,604
elgyem,https://pokeapi.co/api/v2/pokemon-species/605/,605
beheeyem,https://pokeapi.co/api/v2/pokemon-species/606/,606
litwick,https://pokeapi.co/api/v2/pokemon-species/607/,607
lampent,https://pokeapi.co/api/v2/pokemon-species/608/,608
chandelure,https://pokeapi.co/api/v2/pokemon-species/609/,609
axew,https://pokeapi.co/api/v2/pokemon-species/610/,610
fraxure,https://pokeapi.co/api/v2/pokemon-species/611/,611
haxorus,https://pokeapi.co/api/v2/pokemon-species/612/,612
cubchoo,https://pokeapi.co/api/v2/pokemon-species/613/,613
beartic,https://pokeapi.co/api/v2/pokemon-species/614/,614
cryogonal,https://pokeapi.co/api/v2/pokemon-species/615/,615
shelmet,https://pokeapi.co/api/v2/pokemon-species/616/,616
accelgor,https://pokeapi.co/api/v2/pokemon-species/617/,617
stunfisk,https://pokeapi.co/api/v2/pokemon-species/618/,618
mienfoo,https://pokeapi.co/api/v2/pokemon-species/619/,619
mienshao,https://pokeapi.co/api/v2/pokemon-species/620/,620
druddigon,https://pokeapi.co/api/v2/pokemon-species/621/,621
golett,https://pokeapi.co/api/v2/pokemon-species/622/,622
golurk,https://pokeapi.co/api/v2/pokemon-species/623/,623
pawniard,https://pokeapi.co/api/v2/pokemon-species/624/,624
bisharp,https://pokeapi.co/api/v2/pokemon-species/625/,625
bouffalant,https://pokeapi.co/api/v2/pokemon-species/626/,626
rufflet,https://pokeapi.co/api/v2/pokemon-species/627/,627
braviary,https://pokeapi.co/api/v2/pokemon-species/628/,628
vullaby,https://pokeapi.co/api/v2/pokemon-species/629/,629
mandibuzz,https://pokeapi.co/api/v2/pokemon-species/630/,630
heatmor,https://pokeapi.co/api/v2/pokemon-species/631/,631
durant,https://pokeapi.co/api/v2/pokemon-species/632/,632
deino,https://pokeapi.co/api/v2/pokemon-species/633/,633
zweilous,https://pokeapi.co/api/v2/pokemon-species/634/,634
hydreigon,https://pokeapi.co/api/v2/pokemon-species/635/,635
larvesta,https://pokeapi.co/api/v2/pokemon-species/636/,636
volcarona,https://pokeapi.co/api/v2/pokemon-species/637/,637
cobalion,https://pokeapi.co/api/v2/pokemon-species/638/,638
terrakion,https://pokeapi.co/api/v2/pokemon-species/639/,639
virizion,https://pokeapi.co/api/v2/pokemon-species/640/,640
tornadus,https://pokeapi.co/api/v2/pokemon-species/641/,641
thundurus,https://pokeapi.co/api/v2/pokemon-species/642/,642
reshiram,https://pokeapi.co/api/v2/pokemon-species/643/,643
zekrom,https://pokeapi.co/api/v2/pokemon-species/644/,644
landorus,https://pokeapi.co/api/v2/pokemon-species/645/,645
kyurem,https://pokeapi.co/api/v2/pokemon-species/646/,646
keldeo,https://pokeapi.co/api/v2/pokemon-species/647/,647
meloetta,https://pokeapi.co/api/v2/pokemon-species/648/,648
genesect,https://pokeapi.co/api/v2/pokemon-species/649/,649
chespin,https://pokeapi.co/api/v2/pokemon-species/650/,650
quilladin,https://pokeapi.co/api/v2/pokemon-species/651/,651
chesnaught,https://pokeapi.co/api/v2/pokemon-species/652/,652
fennekin,https://pokeapi.co/api/v2/pokemon-species/653/,653
braixen,https://pokeapi.co/api/v2/pokemon-species/654/,654
delphox,https://pokeapi.co/api/v2/pokemon-species/655/,655
froakie,https://pokeapi.co/api/v2/pokemon-species/656/,656
frogadier,https://pokeapi.co/api/v2/pokemon-species/657/,657
greninja,https://pokeapi.co/api/v2/pokemon-species/658/,658
bunnelby,https://pokeapi.co/api/v2/pokemon-species/659/,659
diggersby,https://pokeapi.co/api/v2/pokemon-species/660/,660
fletchling,https://pokeapi.co/api/v2/pokemon-species/661/,661
fletchinder,https://pokeapi.co/api/v2/pokemon-species/662/,662
talonflame,https://pokeapi.co/api/v2/pokemon-species/663/,663
scatterbug,https://pokeapi.co/api/v2/pokemon-species/664/,664
spewpa,https://pokeapi.co/api/v2/pokemon-species/665/,665
vivillon,https://pokeapi.co/api/v2/pokemon-species/666/,666
litleo,https://pokeapi.co/api/v2/pokemon-species/667/,667
pyroar,https://pokeapi.co/api/v2/pokemon-species/668/,668
flabebe,https://pokeapi.co/api/v2/pokemon-species/669/,669
floette,https://pokeapi.co/api/v2/pokemon-species/670/,670
florges,https://pokeapi.co/api/v2/pokemon-species/671/,671
skiddo,https://pokeapi.co/api/v2/pokemon-species/672/,672
gogoat,https://pokeapi.co/api/v2/pokemon-species/673/,673
pancham,https://pokeapi.co/api/v2/pokemon-species/674/,674
pangoro,https://pokeapi.co/api/v2/pokemon-species/675/,675
furfrou,https://pokeapi.co/api/v2/pokemon-species/676/,676
espurr,https://pokeapi.co/api/v2/pokemon-species/677/,677
meowstic,https://pokeapi.co/api/v2/pokemon-species/678/,678
honedge,https://pokeapi.co/api/v2/pokemon-species/679/,679
doublade,https://pokeapi.co/api/v2/pokemon-species/680/,680
aegislash,https://pokeapi.co/api/v2/pokemon-species/681/,681
spritzee,https://pokeapi.co/api/v2/pokemon-species/682/,682
aromatisse,https://pokeapi.co/api/v2/pokemon-species/683/,683
swirlix,https://pokeapi.co/api/v2/pokemon-species/684/,684
slurpuff,https://pokeapi.co/api/v2/pokemon-species/685/,685
inkay,https://pokeapi.co/api/v2/pokemon-species/686/,686
malamar,https://pokeapi.co/api/v2/pokemon-species/687/,687
binacle,https://pokeapi.co/api/v2/pokemon-species/688/,688
barbaracle,https://pokeapi.co/api/v2/pokemon-species/689/,689
skrelp,https://pokeapi.co/api/v2/pokemon-species/690/,690
dragalge,https://pokeapi.co/api/v2/pokemon-species/691/,691
clauncher,https://pokeapi.co/api/v2/pokemon-species/692/,692
clawitzer,https://pokeapi.co/api/v2/pokemon-species/693/,693
helioptile,https://pokeapi.co/api/v2/pokemon-species/694/,694
heliolisk,https://pokeapi.co/api/v2/pokemon-species/695/,695
tyrunt,https://pokeapi.co/api/v2/pokemon-species/696/,696
tyrantrum,https://pokeapi.co/api/v2/pokemon-species/697/,697
amaura,https://pokeapi.co/api/v2/pokemon-species/698/,698
aurorus,https://pokeapi.co/api/v2/pokemon-species/699/,699
sylveon,https://pokeapi.co/api/v2/pokemon-species/700/,700
hawlucha,https://pokeapi.co/api/v2/pokemon-species/701/,701
dedenne,https://pokeapi.co/api/v2/pokemon-species/702/,702
carbink,https://pokeapi.co/api/v2/pokemon-species/703/,703
goomy,https://pokeapi.co/api/v2/pokemon-species/704/,704
sliggoo,https://pokeapi.co/api/v2/pokemon-species/705/,705
goodra,https://pokeapi.co/api/v2/pokemon-species/706/,706
klefki,https://pokeapi.co/api/v2/pokemon-species/707/,707
phantump,https://pokeapi.co/api/v2/pokemon-species/708/,708
trevenant,https://pokeapi.co/api/v2/pokemon-species/709/,709
pumpkaboo,https://pokeapi.co/api/v2/pokemon-species/710/,710
gourgeist,https://pokeapi.co/api/v2/pokemon-species/711/,711
bergmite,https://pokeapi.co/api/v2/pokemon-species/712/,712
avalugg,https://pokeapi.co/api/v2/pokemon-species/713/,713
noibat,https://pokeapi.co/api/v2/pokemon-species/714/,714
noivern,https://pokeapi.co/api/v2/pokemon-species/715/,715
xerneas,https://pokeapi.co/api/v2/pokemon-species/716/,716
yveltal,https://pokeapi.co/api/v2/pokemon-species/717/,717
zygarde,https://pokeapi.co/api/v2/pokemon-species/718/,718
diancie,https://pokeapi.co/api/v2/pokemon-species/719/,719
hoopa,https://pokeapi.co/api/v2/pokemon-species/720/,720
volcanion,https://pokeapi.co/api/v2/pokemon-species/721/,721
rowlet,https://pokeapi.co/api/v2/pokemon-species/722/,722
dartrix,https://pokeapi.co/api/v2/pokemon-species/723/,723
decidueye,https://pokeapi.co/api/v2/pokemon-species/724/,724
litten,https://pokeapi.co/api/v2/pokemon-species/725/,725
torracat,https://pokeapi.co/api/v2/pokemon-species/726/,726
incineroar,https://pokeapi.co/api/v2/pokemon-species/727/,727
popplio,https://pokeapi.co/api/v2/pokemon-species/728/,728
brionne,https://pokeapi.co/api/v2/pokemon-species/729/,729
primarina,https://pokeapi.co/api/v2/pokemon-species/730/,730
pikipek,https://pokeapi.co/api/v2/pokemon-species/731/,731
trumbeak,https://pokeapi.co/api/v2/pokemon-species/732/,732
toucannon,https://pokeapi.co/api/v2/pokemon-species/733/,733
yungoos,https://pokeapi.co/api/v2/pokemon-species/734/,734
gumshoos,https://pokeapi.co/api/v2/pokemon-species/735/,735
grubbin,https://pokeapi.co/api/v2/pokemon-species/736/,736
charjabug,https://pokeapi.co/api/v2/pokemon-species/737/,737
vikavolt,https://pokeapi.co/api/v2/pokemon-species/738/,738
crabrawler,https://pokeapi.co/api/v2/pokemon-species/739/,739
crabominable,https://pokeapi.co/api/v2/pokemon-species/740/,740
oricorio,https://pokeapi.co/api/v2/pokemon-species/741/,741
cutiefly,https://pokeapi.co/api/v2/pokemon-species/742/,742
ribombee,https://pokeapi.co/api/v2/pokemon-species/743/,743
rockruff,https://pokeapi.co/api/v2/pokemon-species/744/,744
lycanroc,https://pokeapi.co/api/v2/pokemon-species/745/,745
wishiwashi,https://pokeapi.co/api/v2/pokemon-species/746/,746
mareanie,https://pokeapi.co/api/v2/pokemon-species/747/,747
toxapex,https://pokeapi.co/api/v2/pokemon-species/748/,748
mudbray,https://pokeapi.co/api/v2/pokemon-species/749/,749
mudsdale,https://pokeapi.co/api/v2/pokemon-species/750/,750
dewpider,https://pokeapi.co/api/v2/pokemon-species/751/,751
araquanid,https://pokeapi.co/api/v2/pokemon-species/752/,752
fomantis,https://pokeapi.co/api/v2/pokemon-species/753/,753
lurantis,https://pokeapi.co/api/v2/pokemon-species/754/,754
morelull,https://pokeapi.co/api/v2/pokemon-species/755/,755
shiinotic,https://pokeapi.co/api/v2/pokemon-species/756/,756
salandit,https://pokeapi.co/api/v2/pokemon-species/757/,757
salazzle,https://pokeapi.co/api/v2/pokemon-species/758/,758
stufful,https://pokeapi.co/api/v2/pokemon-species/759/,759
bewear,https://pokeapi.co/api/v2/pokemon-species/760/,760
bounsweet,https://pokeapi.co/api/v2/pokemon-species/761/,761
steenee,https://pokeapi.co/api/v2/pokemon-species/762/,762
tsareena,https://pokeapi.co/api/v2/pokemon-species/763/,763
comfey,https://pokeapi.co/api/v2/pokemon-species/764/,764
oranguru,https://pokeapi.co/api/v2/pokemon-species/765/,765
passimian,https://pokeapi.co/api/v2/pokemon-species/766/,766
wimpod,https://pokeapi.co/api/v2/pokemon-species/767/,767
golisopod,https://pokeapi.co/api/v2/pokemon-species/768/,768
sandygast,https://pokeapi.co/api/v2/pokemon-species/769/,769
palossand,https://pokeapi.co/api/v2/pokemon-species/770/,770
pyukumuku,https://pokeapi.co/api/v2/pokemon-species/771/,771
type-null,https://pokeapi.co/api/v2/pokemon-species/772/,772
silvally,https://pokeapi.co/api/v2/pokemon-species/773/,773
minior,https://pokeapi.co/api/v2/pokemon-species/774/,774
komala,https://pokeapi.co/api/v2/pokemon-species/775/,775
turtonator,https://pokeapi.co/api/v2/pokemon-species/776/,776
togedemaru,https://pokeapi.co/api/v2/pokemon-species/777/,777
mimikyu,https://pokeapi.co/api/v2/pokemon-species/778/,778
bruxish,https://pokeapi.co/api/v2/pokemon-species/779/,779
drampa,https://pokeapi.co/api/v2/pokemon-species/780/,780
dhelmise,https://pokeapi.co/api/v2/pokemon-species/781/,781
jangmo-o,https://pokeapi.co/api/v2/pokemon-species/782/,782
hakamo-o,https://pokeapi.co/api/v2/pokemon-species/783/,783
kommo-o,https://pokeapi.co/api/v2/pokemon-species/784/,784
tapu-koko,https://pokeapi.co/api/v2/pokemon-species/785/,785
tapu-lele,https://pokeapi.co/api/v2/pokemon-species/786/,786
tapu-bulu,https://pokeapi.co/api/v2/pokemon-species/787/,787
tapu-fini,https://pokeapi.co/api/v2/pokemon-species/788/,788
cosmog,https://pokeapi.co/api/v2/pokemon-species/789/,789
cosmoem,https://pokeapi.co/api/v2/pokemon-species/790/,790
solgaleo,https://pokeapi.co/api/v2/pokemon-species/791/,791
lunala,https://pokeapi.co/api/v2/pokemon-species/792/,792
nihilego,https://pokeapi.co/api/v2/pokemon-species/793/,793
buzzwole,https://pokeapi.co/api/v2/pokemon-species/794/,794
pheromosa,https://pokeapi.co/api/v2/pokemon-species/795/,795
xurkitree,https://pokeapi.co/api/v2/pokemon-species/796/,796
celesteela,https://pokeapi.co/api/v2/pokemon-species/797/,797
kartana,https://pokeapi.co/api/v2/pokemon-species/798/,798
guzzlord,https://pokeapi.co/api/v2/pokemon-species/799/,799
necrozma,https://pokeapi.co/api/v2/pokemon-species/800/,800
magearna,https://pokeapi.co/api/v2/pokemon-species/801/,801
marshadow,https://pokeapi.co/api/v2/pokemon-species/802/,802
poipole,https://pokeapi.co/api/v2/pokemon-species/803/,803
naganadel,https://pokeapi.co/api/v2/pokemon-species/804/,804
stakataka,https://pokeapi.co/api/v2/pokemon-species/805/,805
blacephalon,https://pokeapi.co/api/v2/pokemon-species/806/,806
zeraora,https://pokeapi.co/api/v2/pokemon-species/807/,807
meltan,https://pokeapi.co/api/v2/pokemon-species/808/,808
melmetal,https://pokeapi.co/api/v2/pokemon-species/809/,809
grookey,https://pokeapi.co/api/v2/pokemon-species/810/,810
thwackey,https://pokeapi.co/api/v2/pokemon-species/811/,811
rillaboom,https://pokeapi.co/api/v2/pokemon-species/812/,812
scorbunny,https://pokeapi.co/api/v2/pokemon-species/813/,813
raboot,https://pokeapi.co/api/v2/pokemon-species/814/,814
cinderace,https://pokeapi.co/api/v2/pokemon-species/815/,815
sobble,https://pokeapi.co/api/v2/pokemon-species/816/,816
drizzile,https://pokeapi.co/api/v2/pokemon-species/817/,817
inteleon,https://pokeapi.co/api/v2/pokemon-species/818/,818
skwovet,https://pokeapi.co/api/v2/pokemon-species/819/,819
greedent,https://pokeapi.co/api/v2/pokemon-species/820/,820
rookidee,https://pokeapi.co/api/v2/pokemon-species/821/,821
corvisquire,https://pokeapi.co/api/v2/pokemon-species/822/,822
corviknight,https://pokeapi.co/api/v2/pokemon-species/823/,823
blipbug,https://pokeapi.co/api/v2/pokemon-species/824/,824
dottler,https://pokeapi.co/api/v2/pokemon-species/825/,825
orbeetle,https://pokeapi.co/api/v2/pokemon-species/826/,826
nickit,https://pokeapi.co/api/v2/pokemon-species/827/,827
thievul,https://pokeapi.co/api/v2/pokemon-species/828/,828
gossifleur,https://pokeapi.co/api/v2/pokemon-species/829/,829
eldegoss,https://pokeapi.co/api/v2/pokemon-species/830/,830
wooloo,https://pokeapi.co/api/v2/pokemon-species/831/,831
dubwool,https://pokeapi.co/api/v2/pokemon-species/832/,832
chewtle,https://pokeapi.co/api/v2/pokemon-species/833/,833
drednaw,https://pokeapi.co/api/v2/pokemon-species/834/,834
yamper,https://pokeapi.co/api/v2/pokemon-species/835/,835
boltund,https://pokeapi.co/api/v2/pokemon-species/836/,836
rolycoly,https://pokeapi.co/api/v2/pokemon-species/837/,837
carkol,https://pokeapi.co/api/v2/pokemon-species/838/,838
coalossal,https://pokeapi.co/api/v2/pokemon-species/839/,839
applin,https://pokeapi.co/api/v2/pokemon-species/840/,840
flapple,https://pokeapi.co/api/v2/pokemon-species/841/,841
appletun,https://pokeapi.co/api/v2/pokemon-species/842/,842
silicobra,https://pokeapi.co/api/v2/pokemon-species/843/,843
sandaconda,https://pokeapi.co/api/v2/pokemon-species/844/,844
cramorant,https://pokeapi.co/api/v2/pokemon-species/845/,845
arrokuda,https://pokeapi.co/api/v2/pokemon-species/846/,846
barraskewda,https://pokeapi.co/api/v2/pokemon-species/847/,847
toxel,https://pokeapi.co/api/v2/pokemon-species/848/,848
toxtricity,https://pokeapi.co/api/v2/pokemon-species/849/,849
sizzlipede,https://pokeapi.co/api/v2/pokemon-species/850/,850
centiskorch,https://pokeapi.co/api/v2/pokemon-species/851/,851
clobbopus,https://pokeapi.co/api/v2/pokemon-species/852/,852
grapploct,https://pokeapi.co/api/v2/pokemon-species/853/,853
sinistea,https://pokeapi.co/api/v2/pokemon-species/854/,854
polteageist,https://pokeapi.co/api/v2/pokemon-species/855/,855
hatenna,https://pokeapi.co/api/v2/pokemon-species/856/,856
hattrem,https://pokeapi.co/api/v2/pokemon-species/857/,857
hatterene,https://pokeapi.co/api/v2/pokemon-species/858/,858
impidimp,https://pokeapi.co/api/v2/pokemon-species/859/,859
morgrem,https://pokeapi.co/api/v2/pokemon-species/860/,860
grimmsnarl,https://pokeapi.co/api/v2/pokemon-species/861/,861
obstagoon,https://pokeapi.co/api/v2/pokemon-species/862/,862
perrserker,https://pokeapi.co/api/v2/pokemon-species/863/,863
cursola,https://pokeapi.co/api/v2/pokemon-species/864/,864
sirfetchd,https://pokeapi.co/api/v2/pokemon-species/865/,865
mr-rime,https://pokeapi.co/api/v2/pokemon-species/866/,866
runerigus,https://pokeapi.co/api/v2/pokemon-species/867/,867
milcery,https://pokeapi.co/api/v2/pokemon-species/868/,868
alcremie,https://pokeapi.co/api/v2/pokemon-species/869/,869
falinks,https://pokeapi.co/api/v2/pokemon-species/870/,870
pincurchin,https://pokeapi.co/api/v2/pokemon-species/871/,871
snom,https://pokeapi.co/api/v2/pokemon-species/872/,872
frosmoth,https://pokeapi.co/api/v2/pokemon-species/873/,873
stonjourner,https://pokeapi.co/api/v2/pokemon-species/874/,874
eiscue,https://pokeapi.co/api/v2/pokemon-species/875/,875
indeedee,https://pokeapi.co/api/v2/pokemon-species/876/,876
morpeko,https://pokeapi.co/api/v2/pokemon-species/877/,877
cufant,https://pokeapi.co/api/v2/pokemon-species/878/,878
copperajah,https://pokeapi.co/api/v2/pokemon-species/879/,879
dracozolt,https://pokeapi.co/api/v2/pokemon-species/880/,880
arctozolt,https://pokeapi.co/api/v2/pokemon-species/881/,881
dracovish,https://pokeapi.co/api/v2/pokemon-species/882/,882
arctovish,https://pokeapi.co/api/v2/pokemon-species/883/,883
duraludon,https://pokeapi.co/api/v2/pokemon-species/884/,884
dreepy,https://pokeapi.co/api/v2/pokemon-species/885/,885
drakloak,https://pokeapi.co/api/v2/pokemon-species/886/,886
dragapult,https://pokeapi.co/api/v2/pokemon-species/887/,887
zacian,https://pokeapi.co/api/v2/pokemon-species/888/,888
zamazenta,https://pokeapi.co/api/v2/pokemon-species/889/,889
eternatus,https://pokeapi.co/api/v2/pokemon-species/890/,890
kubfu,https://pokeapi.co/api/v2/pokemon-species/891/,891
urshifu,https://pokeapi.co/api/v2/pokemon-species/892/,892
zarude,https://pokeapi.co/api/v2/pokemon-species/893/,893
regieleki,https://pokeapi.co/api/v2/pokemon-species/894/,894
regidrago,https://pokeapi.co/api/v2/pokemon-species/895/,895
glastrier,https://pokeapi.co/api/v2/pokemon-species/896/,896
spectrier,https://pokeapi.co/api/v2/pokemon-species/897/,897
calyrex,https://pokeapi.co/api/v2/pokemon-species/898/,898
